<?xml version="1.0" encoding="utf-8"?>
<odoo>
    <data noupdate="1">
        <!-- Parámetro del sistema para definir el NOMBRE del embalaje -->
        <!-- Este parámetro guarda el nombre del tipo de embalaje (campo 'name' de product.packaging)
             que se usará para buscar y obtener el qty (unidades por embalaje) -->
        <!-- Puede ser modificado desde: Inventario > Configuración > Ajustes -->
        <record id="stock_packaging_name_param" model="ir.config_parameter">
            <field name="key">stock_packaging_report.packaging_name</field>
            <field name="value">Caja</field>
        </record>
    </data>
</odoo>
